"filename", "language", "Python", "Shell Script", "reStructuredText", "Batch", "JSON", "Makefile", "XML", "HTML", "JavaScript", "CSS", "comment", "blank", "total"
"c:\Repository\pcscf_service_tool\bin\pcscf-service-tool.bat", "Batch", 0, 0, 0, -2, 0, 0, 0, 0, 0, 0, 0, -2, -4
"c:\Repository\pcscf_service_tool\bin\pcscf-service-tool.sh", "Shell Script", 0, -16, 0, 0, 0, 0, 0, 0, 0, 0, -14, -7, -37
"c:\Repository\pcscf_service_tool\config\PROD\connections.json", "JSON", 0, 0, 0, 0, 126, 0, 0, 0, 0, 0, 0, 1, 127
"c:\Repository\pcscf_service_tool\config\PROD\connections.xgntools.json", "JSON", 0, 0, 0, 0, 126, 0, 0, 0, 0, 0, 0, 1, 127
"c:\Repository\pcscf_service_tool\config\PROD\pcscf-messages.json", "JSON", 0, 0, 0, 0, 28, 0, 0, 0, 0, 0, 0, 1, 29
"c:\Repository\pcscf_service_tool\config\PROD\pcscf-node.ft.json", "JSON", 0, 0, 0, 0, 12, 0, 0, 0, 0, 0, 0, 1, 13
"c:\Repository\pcscf_service_tool\config\PROD\pcscf-node.json", "JSON", 0, 0, 0, 0, 47, 0, 0, 0, 0, 0, 0, 1, 48
"c:\Repository\pcscf_service_tool\config\PROD\pcscf-service-tool.json", "JSON", 0, 0, 0, 0, 4, 0, 0, 0, 0, 0, 0, 1, 5
"c:\Repository\pcscf_service_tool\config\PROD\pcscf-smfvoice.ft.json", "JSON", 0, 0, 0, 0, 34, 0, 0, 0, 0, 0, 0, 1, 35
"c:\Repository\pcscf_service_tool\config\PROD\smfvoice-ippools.json", "JSON", 0, 0, 0, 0, 1326, 0, 0, 0, 0, 0, 0, 1, 1327
"c:\Repository\pcscf_service_tool\config\PROD\stub.json", "JSON", 0, 0, 0, 0, 294, 0, 0, 0, 0, 0, 0, 1, 295
"c:\Repository\pcscf_service_tool\config\connections.json", "JSON", 0, 0, 0, 0, 81, 0, 0, 0, 0, 0, 0, 1, 82
"c:\Repository\pcscf_service_tool\config\connections.test.json", "JSON", 0, 0, 0, 0, 81, 0, 0, 0, 0, 0, 0, 1, 82
"c:\Repository\pcscf_service_tool\config\connections.xgntools.json", "JSON", 0, 0, 0, 0, 81, 0, 0, 0, 0, 0, 0, 1, 82
"c:\Repository\pcscf_service_tool\config\pcscf-messages.json", "JSON", 0, 0, 0, 0, 28, 0, 0, 0, 0, 0, 0, 1, 29
"c:\Repository\pcscf_service_tool\config\pcscf-node.json", "JSON", 0, 0, 0, 0, 8, 0, 0, 0, 0, 0, 0, 1, 9
"c:\Repository\pcscf_service_tool\config\pcscf-service-tool.json", "JSON", 0, 0, 0, 0, 4, 0, 0, 0, 0, 0, 0, 1, 5
"c:\Repository\pcscf_service_tool\config\smfvoice-ippools.json", "JSON", 0, 0, 0, 0, 145, 0, 0, 0, 0, 0, 0, 1, 146
"c:\Repository\pcscf_service_tool\config\stub.json", "JSON", 0, 0, 0, 0, 294, 0, 0, 0, 0, 0, 0, 1, 295
"c:\Repository\pcscf_service_tool\coverage.xml", "XML", 0, 0, 0, 0, 0, 0, 84, 0, 0, 0, 0, 0, 84
"c:\Repository\pcscf_service_tool\docs_en\Makefile", "Makefile", 0, 0, 0, 0, 0, 9, 0, 0, 0, 0, 7, 5, 21
"c:\Repository\pcscf_service_tool\docs_en\_build\html\_modules\index.html", "HTML", 0, 0, 0, 0, 0, 0, 0, 92, 0, 0, 3, 16, 111
"c:\Repository\pcscf_service_tool\docs_en\_build\html\_modules\src\eri_connection.html", "HTML", 0, 0, 0, 0, 0, 0, 0, 282, 0, 0, 3, 69, 354
"c:\Repository\pcscf_service_tool\docs_en\_build\html\_modules\src\eri_connection_stub.html", "HTML", 0, 0, 0, 0, 0, 0, 0, 214, 0, 0, 3, 32, 249
"c:\Repository\pcscf_service_tool\docs_en\_build\html\_modules\src\pcscf_service_common.html", "HTML", 0, 0, 0, 0, 0, 0, 0, 161, 0, 0, 3, 34, 198
"c:\Repository\pcscf_service_tool\docs_en\_build\html\_modules\src\pcscf_service_tool.html", "HTML", 0, 0, 0, 0, 0, 0, 0, 769, 0, 0, 3, 161, 933
"c:\Repository\pcscf_service_tool\docs_en\_build\html\_static\_sphinx_javascript_frameworks_compat.js", "JavaScript", 0, 0, 0, 0, 0, 0, 0, 0, 91, 0, 34, 10, 135
"c:\Repository\pcscf_service_tool\docs_en\_build\html\_static\basic.css", "CSS", 0, 0, 0, 0, 0, 0, 0, 0, 0, 680, 32, 187, 899
"c:\Repository\pcscf_service_tool\docs_en\_build\html\_static\css\badge_only.css", "CSS", 0, 0, 0, 0, 0, 0, 0, 0, 0, 1, 0, 0, 1
"c:\Repository\pcscf_service_tool\docs_en\_build\html\_static\css\fonts\fontawesome-webfont.svg", "XML", 0, 0, 0, 0, 0, 0, 2671, 0, 0, 0, 0, 1, 2672
"c:\Repository\pcscf_service_tool\docs_en\_build\html\_static\css\theme.css", "CSS", 0, 0, 0, 0, 0, 0, 0, 0, 0, 2, 2, 0, 4
"c:\Repository\pcscf_service_tool\docs_en\_build\html\_static\doctools.js", "JavaScript", 0, 0, 0, 0, 0, 0, 0, 0, 201, 0, 38, 26, 265
"c:\Repository\pcscf_service_tool\docs_en\_build\html\_static\documentation_options.js", "JavaScript", 0, 0, 0, 0, 0, 0, 0, 0, 14, 0, 0, 0, 14
"c:\Repository\pcscf_service_tool\docs_en\_build\html\_static\jquery-3.6.0.js", "JavaScript", 0, 0, 0, 0, 0, 0, 0, 0, 6895, 0, 1911, 2076, 10882
"c:\Repository\pcscf_service_tool\docs_en\_build\html\_static\jquery.js", "JavaScript", 0, 0, 0, 0, 0, 0, 0, 0, 1, 0, 1, 1, 3
"c:\Repository\pcscf_service_tool\docs_en\_build\html\_static\js\badge_only.js", "JavaScript", 0, 0, 0, 0, 0, 0, 0, 0, 1, 0, 0, 0, 1
"c:\Repository\pcscf_service_tool\docs_en\_build\html\_static\js\html5shiv-printshiv.min.js", "JavaScript", 0, 0, 0, 0, 0, 0, 0, 0, 1, 0, 3, 0, 4
"c:\Repository\pcscf_service_tool\docs_en\_build\html\_static\js\html5shiv.min.js", "JavaScript", 0, 0, 0, 0, 0, 0, 0, 0, 1, 0, 3, 0, 4
"c:\Repository\pcscf_service_tool\docs_en\_build\html\_static\js\theme.js", "JavaScript", 0, 0, 0, 0, 0, 0, 0, 0, 1, 0, 0, 0, 1
"c:\Repository\pcscf_service_tool\docs_en\_build\html\_static\language_data.js", "JavaScript", 0, 0, 0, 0, 0, 0, 0, 0, 154, 0, 23, 23, 200
"c:\Repository\pcscf_service_tool\docs_en\_build\html\_static\pygments.css", "CSS", 0, 0, 0, 0, 0, 0, 0, 0, 0, 74, 0, 0, 74
"c:\Repository\pcscf_service_tool\docs_en\_build\html\_static\searchtools.js", "JavaScript", 0, 0, 0, 0, 0, 0, 0, 0, 355, 0, 109, 67, 531
"c:\Repository\pcscf_service_tool\docs_en\_build\html\_static\underscore-1.13.1.js", "JavaScript", 0, 0, 0, 0, 0, 0, 0, 0, 1445, 0, 370, 228, 2043
"c:\Repository\pcscf_service_tool\docs_en\_build\html\_static\underscore.js", "JavaScript", 0, 0, 0, 0, 0, 0, 0, 0, 2, 0, 4, 0, 6
"c:\Repository\pcscf_service_tool\docs_en\_build\html\genindex.html", "HTML", 0, 0, 0, 0, 0, 0, 0, 390, 0, 0, 3, 41, 434
"c:\Repository\pcscf_service_tool\docs_en\_build\html\index.html", "HTML", 0, 0, 0, 0, 0, 0, 0, 125, 0, 0, 3, 18, 146
"c:\Repository\pcscf_service_tool\docs_en\_build\html\modules.html", "HTML", 0, 0, 0, 0, 0, 0, 0, 112, 0, 0, 3, 18, 133
"c:\Repository\pcscf_service_tool\docs_en\_build\html\py-modindex.html", "HTML", 0, 0, 0, 0, 0, 0, 0, 152, 0, 0, 3, 23, 178
"c:\Repository\pcscf_service_tool\docs_en\_build\html\search.html", "HTML", 0, 0, 0, 0, 0, 0, 0, 100, 0, 0, 3, 23, 126
"c:\Repository\pcscf_service_tool\docs_en\_build\html\searchindex.js", "JavaScript", 0, 0, 0, 0, 0, 0, 0, 0, 1, 0, 0, 1, 2
"c:\Repository\pcscf_service_tool\docs_en\_build\html\src.eri_connection.html", "HTML", 0, 0, 0, 0, 0, 0, 0, 329, 0, 0, 3, 26, 358
"c:\Repository\pcscf_service_tool\docs_en\_build\html\src.eri_connection_stub.html", "HTML", 0, 0, 0, 0, 0, 0, 0, 190, 0, 0, 3, 23, 216
"c:\Repository\pcscf_service_tool\docs_en\_build\html\src.html", "HTML", 0, 0, 0, 0, 0, 0, 0, 110, 0, 0, 3, 18, 131
"c:\Repository\pcscf_service_tool\docs_en\_build\html\src.pcscf_service_common.html", "HTML", 0, 0, 0, 0, 0, 0, 0, 223, 0, 0, 3, 20, 246
"c:\Repository\pcscf_service_tool\docs_en\_build\html\src.pcscf_service_tool.html", "HTML", 0, 0, 0, 0, 0, 0, 0, 784, 0, 0, 3, 32, 819
"c:\Repository\pcscf_service_tool\docs_en\conf.py", "Python", 13, 0, 0, 0, 0, 0, 0, 0, 0, 0, 10, 9, 32
"c:\Repository\pcscf_service_tool\docs_en\index.rst", "reStructuredText", 0, 0, 15, 0, 0, 0, 0, 0, 0, 0, 2, 7, 24
"c:\Repository\pcscf_service_tool\docs_en\make.bat", "Batch", 0, 0, 0, 27, 0, 0, 0, 0, 0, 0, 0, 9, 36
"c:\Repository\pcscf_service_tool\docs_en\modules.rst", "reStructuredText", 0, 0, 4, 0, 0, 0, 0, 0, 0, 0, 1, 3, 8
"c:\Repository\pcscf_service_tool\docs_en\src.eri_connection.rst", "reStructuredText", 0, 0, 5, 0, 0, 0, 0, 0, 0, 0, 1, 2, 8
"c:\Repository\pcscf_service_tool\docs_en\src.eri_connection_stub.rst", "reStructuredText", 0, 0, 5, 0, 0, 0, 0, 0, 0, 0, 1, 2, 8
"c:\Repository\pcscf_service_tool\docs_en\src.pcscf_service_common.rst", "reStructuredText", 0, 0, 5, 0, 0, 0, 0, 0, 0, 0, 1, 2, 8
"c:\Repository\pcscf_service_tool\docs_en\src.pcscf_service_tool.rst", "reStructuredText", 0, 0, 5, 0, 0, 0, 0, 0, 0, 0, 1, 2, 8
"c:\Repository\pcscf_service_tool\docs_en\src.rst", "reStructuredText", 0, 0, 14, 0, 0, 0, 0, 0, 0, 0, 2, 6, 22
"c:\Repository\pcscf_service_tool\docs_ja\Makefile", "Makefile", 0, 0, 0, 0, 0, 9, 0, 0, 0, 0, 7, 5, 21
"c:\Repository\pcscf_service_tool\docs_ja\_build\html\_modules\index.html", "HTML", 0, 0, 0, 0, 0, 0, 0, 93, 0, 0, 3, 16, 112
"c:\Repository\pcscf_service_tool\docs_ja\_build\html\_modules\src\eri_connection.html", "HTML", 0, 0, 0, 0, 0, 0, 0, 283, 0, 0, 3, 69, 355
"c:\Repository\pcscf_service_tool\docs_ja\_build\html\_modules\src\eri_connection_stub.html", "HTML", 0, 0, 0, 0, 0, 0, 0, 215, 0, 0, 3, 32, 250
"c:\Repository\pcscf_service_tool\docs_ja\_build\html\_modules\src\pcscf_service_common.html", "HTML", 0, 0, 0, 0, 0, 0, 0, 162, 0, 0, 3, 34, 199
"c:\Repository\pcscf_service_tool\docs_ja\_build\html\_modules\src\pcscf_service_tool.html", "HTML", 0, 0, 0, 0, 0, 0, 0, 770, 0, 0, 3, 161, 934
"c:\Repository\pcscf_service_tool\docs_ja\_build\html\_static\_sphinx_javascript_frameworks_compat.js", "JavaScript", 0, 0, 0, 0, 0, 0, 0, 0, 91, 0, 34, 10, 135
"c:\Repository\pcscf_service_tool\docs_ja\_build\html\_static\basic.css", "CSS", 0, 0, 0, 0, 0, 0, 0, 0, 0, 680, 32, 187, 899
"c:\Repository\pcscf_service_tool\docs_ja\_build\html\_static\css\badge_only.css", "CSS", 0, 0, 0, 0, 0, 0, 0, 0, 0, 1, 0, 0, 1
"c:\Repository\pcscf_service_tool\docs_ja\_build\html\_static\css\fonts\fontawesome-webfont.svg", "XML", 0, 0, 0, 0, 0, 0, 2671, 0, 0, 0, 0, 1, 2672
"c:\Repository\pcscf_service_tool\docs_ja\_build\html\_static\css\theme.css", "CSS", 0, 0, 0, 0, 0, 0, 0, 0, 0, 2, 2, 0, 4
"c:\Repository\pcscf_service_tool\docs_ja\_build\html\_static\doctools.js", "JavaScript", 0, 0, 0, 0, 0, 0, 0, 0, 201, 0, 38, 26, 265
"c:\Repository\pcscf_service_tool\docs_ja\_build\html\_static\documentation_options.js", "JavaScript", 0, 0, 0, 0, 0, 0, 0, 0, 14, 0, 0, 0, 14
"c:\Repository\pcscf_service_tool\docs_ja\_build\html\_static\jquery-3.6.0.js", "JavaScript", 0, 0, 0, 0, 0, 0, 0, 0, 6895, 0, 1911, 2076, 10882
"c:\Repository\pcscf_service_tool\docs_ja\_build\html\_static\jquery.js", "JavaScript", 0, 0, 0, 0, 0, 0, 0, 0, 1, 0, 1, 1, 3
"c:\Repository\pcscf_service_tool\docs_ja\_build\html\_static\js\badge_only.js", "JavaScript", 0, 0, 0, 0, 0, 0, 0, 0, 1, 0, 0, 0, 1
"c:\Repository\pcscf_service_tool\docs_ja\_build\html\_static\js\html5shiv-printshiv.min.js", "JavaScript", 0, 0, 0, 0, 0, 0, 0, 0, 1, 0, 3, 0, 4
"c:\Repository\pcscf_service_tool\docs_ja\_build\html\_static\js\html5shiv.min.js", "JavaScript", 0, 0, 0, 0, 0, 0, 0, 0, 1, 0, 3, 0, 4
"c:\Repository\pcscf_service_tool\docs_ja\_build\html\_static\js\theme.js", "JavaScript", 0, 0, 0, 0, 0, 0, 0, 0, 1, 0, 0, 0, 1
"c:\Repository\pcscf_service_tool\docs_ja\_build\html\_static\language_data.js", "JavaScript", 0, 0, 0, 0, 0, 0, 0, 0, 6, 0, 15, 6, 27
"c:\Repository\pcscf_service_tool\docs_ja\_build\html\_static\pygments.css", "CSS", 0, 0, 0, 0, 0, 0, 0, 0, 0, 74, 0, 0, 74
"c:\Repository\pcscf_service_tool\docs_ja\_build\html\_static\searchtools.js", "JavaScript", 0, 0, 0, 0, 0, 0, 0, 0, 355, 0, 109, 67, 531
"c:\Repository\pcscf_service_tool\docs_ja\_build\html\_static\translations.js", "JavaScript", 0, 0, 0, 0, 0, 0, 0, 0, 61, 0, 0, 0, 61
"c:\Repository\pcscf_service_tool\docs_ja\_build\html\_static\underscore-1.13.1.js", "JavaScript", 0, 0, 0, 0, 0, 0, 0, 0, 1445, 0, 370, 228, 2043
"c:\Repository\pcscf_service_tool\docs_ja\_build\html\_static\underscore.js", "JavaScript", 0, 0, 0, 0, 0, 0, 0, 0, 2, 0, 4, 0, 6
"c:\Repository\pcscf_service_tool\docs_ja\_build\html\genindex.html", "HTML", 0, 0, 0, 0, 0, 0, 0, 402, 0, 0, 3, 42, 447
"c:\Repository\pcscf_service_tool\docs_ja\_build\html\index.html", "HTML", 0, 0, 0, 0, 0, 0, 0, 124, 0, 0, 3, 18, 145
"c:\Repository\pcscf_service_tool\docs_ja\_build\html\modules.html", "HTML", 0, 0, 0, 0, 0, 0, 0, 113, 0, 0, 3, 18, 134
"c:\Repository\pcscf_service_tool\docs_ja\_build\html\py-modindex.html", "HTML", 0, 0, 0, 0, 0, 0, 0, 153, 0, 0, 3, 23, 179
"c:\Repository\pcscf_service_tool\docs_ja\_build\html\search.html", "HTML", 0, 0, 0, 0, 0, 0, 0, 101, 0, 0, 3, 23, 127
"c:\Repository\pcscf_service_tool\docs_ja\_build\html\searchindex.js", "JavaScript", 0, 0, 0, 0, 0, 0, 0, 0, 1, 0, 0, 1, 2
"c:\Repository\pcscf_service_tool\docs_ja\_build\html\src.eri_connection.html", "HTML", 0, 0, 0, 0, 0, 0, 0, 330, 0, 0, 3, 26, 359
"c:\Repository\pcscf_service_tool\docs_ja\_build\html\src.eri_connection_stub.html", "HTML", 0, 0, 0, 0, 0, 0, 0, 189, 0, 0, 3, 23, 215
"c:\Repository\pcscf_service_tool\docs_ja\_build\html\src.html", "HTML", 0, 0, 0, 0, 0, 0, 0, 110, 0, 0, 3, 18, 131
"c:\Repository\pcscf_service_tool\docs_ja\_build\html\src.pcscf_service_common.html", "HTML", 0, 0, 0, 0, 0, 0, 0, 224, 0, 0, 3, 20, 247
"c:\Repository\pcscf_service_tool\docs_ja\_build\html\src.pcscf_service_tool.html", "HTML", 0, 0, 0, 0, 0, 0, 0, 772, 0, 0, 3, 32, 807
"c:\Repository\pcscf_service_tool\docs_ja\conf.py", "Python", 14, 0, 0, 0, 0, 0, 0, 0, 0, 0, 10, 9, 33
"c:\Repository\pcscf_service_tool\docs_ja\index.rst", "reStructuredText", 0, 0, 15, 0, 0, 0, 0, 0, 0, 0, 2, 7, 24
"c:\Repository\pcscf_service_tool\docs_ja\make.bat", "Batch", 0, 0, 0, 27, 0, 0, 0, 0, 0, 0, 0, 9, 36
"c:\Repository\pcscf_service_tool\docs_ja\modules.rst", "reStructuredText", 0, 0, 4, 0, 0, 0, 0, 0, 0, 0, 1, 3, 8
"c:\Repository\pcscf_service_tool\docs_ja\src.eri_connection.rst", "reStructuredText", 0, 0, 5, 0, 0, 0, 0, 0, 0, 0, 1, 2, 8
"c:\Repository\pcscf_service_tool\docs_ja\src.eri_connection_stub.rst", "reStructuredText", 0, 0, 5, 0, 0, 0, 0, 0, 0, 0, 1, 2, 8
"c:\Repository\pcscf_service_tool\docs_ja\src.pcscf_service_common.rst", "reStructuredText", 0, 0, 5, 0, 0, 0, 0, 0, 0, 0, 1, 2, 8
"c:\Repository\pcscf_service_tool\docs_ja\src.pcscf_service_tool.rst", "reStructuredText", 0, 0, 5, 0, 0, 0, 0, 0, 0, 0, 1, 2, 8
"c:\Repository\pcscf_service_tool\docs_ja\src.rst", "reStructuredText", 0, 0, 14, 0, 0, 0, 0, 0, 0, 0, 2, 6, 22
"c:\Repository\pcscf_service_tool\etc\connections.json", "JSON", 0, 0, 0, 0, -124, 0, 0, 0, 0, 0, 0, -1, -125
"c:\Repository\pcscf_service_tool\etc\connections.test.json", "JSON", 0, 0, 0, 0, -58, 0, 0, 0, 0, 0, 0, -1, -59
"c:\Repository\pcscf_service_tool\etc\pcscf-service-tool\pcscf-messages.json", "JSON", 0, 0, 0, 0, -25, 0, 0, 0, 0, 0, 0, -1, -26
"c:\Repository\pcscf_service_tool\etc\pcscf-service-tool\pcscf-node.json", "JSON", 0, 0, 0, 0, -77, 0, 0, 0, 0, 0, 0, -1, -78
"c:\Repository\pcscf_service_tool\etc\pcscf-service-tool\pcscf-node.ref.json", "JSON", 0, 0, 0, 0, -12, 0, 0, 0, 0, 0, 0, -1, -13
"c:\Repository\pcscf_service_tool\etc\pcscf-service-tool\pcscf-service-tool.json", "JSON", 0, 0, 0, 0, -4, 0, 0, 0, 0, 0, 0, -1, -5
"c:\Repository\pcscf_service_tool\etc\pcscf-service-tool\pcscf-smfvoice.json", "JSON", 0, 0, 0, 0, -338, 0, 0, 0, 0, 0, 0, -1, -339
"c:\Repository\pcscf_service_tool\etc\pcscf-service-tool\pcscf-smfvoice.ref.json", "JSON", 0, 0, 0, 0, -66, 0, 0, 0, 0, 0, 0, -1, -67
"c:\Repository\pcscf_service_tool\lib\__init__.py", "Python", 0, 0, 0, 0, 0, 0, 0, 0, 0, 0, 0, -1, -1
"c:\Repository\pcscf_service_tool\lib\common.py", "Python", -4, 0, 0, 0, 0, 0, 0, 0, 0, 0, -4, -3, -11
"c:\Repository\pcscf_service_tool\lib\eri_connection.py", "Python", -114, 0, 0, 0, 0, 0, 0, 0, 0, 0, -91, -36, -241
"c:\Repository\pcscf_service_tool\lib\eri_connection_stub.py", "Python", -91, 0, 0, 0, 0, 0, 0, 0, 0, 0, -16, -17, -124
"c:\Repository\pcscf_service_tool\lib\pcscf_service_common.py", "Python", -33, 0, 0, 0, 0, 0, 0, 0, 0, 0, -42, -13, -88
"c:\Repository\pcscf_service_tool\lib\pcscf_service_tool.py", "Python", -469, 0, 0, 0, 0, 0, 0, 0, 0, 0, -214, -104, -787
"c:\Repository\pcscf_service_tool\pcscf-service-tool.bat", "Batch", 0, 0, 0, 2, 0, 0, 0, 0, 0, 0, 0, 2, 4
"c:\Repository\pcscf_service_tool\pcscf-service-tool.sh", "Shell Script", 0, 3, 0, 0, 0, 0, 0, 0, 0, 0, 30, 7, 40
"c:\Repository\pcscf_service_tool\src\__init__.py", "Python", 0, 0, 0, 0, 0, 0, 0, 0, 0, 0, 0, 1, 1
"c:\Repository\pcscf_service_tool\src\eri_connection.py", "Python", 177, 0, 0, 0, 0, 0, 0, 0, 0, 0, 136, 47, 360
"c:\Repository\pcscf_service_tool\src\eri_connection_stub.py", "Python", 88, 0, 0, 0, 0, 0, 0, 0, 0, 0, 20, 21, 129
"c:\Repository\pcscf_service_tool\src\pcscf_service_common.py", "Python", 33, 0, 0, 0, 0, 0, 0, 0, 0, 0, 43, 13, 89
"c:\Repository\pcscf_service_tool\src\pcscf_service_tool.py", "Python", 606, 0, 0, 0, 0, 0, 0, 0, 0, 0, 297, 115, 1018
"c:\Repository\pcscf_service_tool\tests\config\pcscf-service-tool.json", "JSON", 0, 0, 0, 0, 4, 0, 0, 0, 0, 0, 0, 1, 5
"c:\Repository\pcscf_service_tool\tests\config\required_key_less.json", "JSON", 0, 0, 0, 0, 108, 0, 0, 0, 0, 0, 0, 1, 109
"c:\Repository\pcscf_service_tool\tests\etc\pcscf-service-tool.json", "JSON", 0, 0, 0, 0, -4, 0, 0, 0, 0, 0, 0, -1, -5
"c:\Repository\pcscf_service_tool\tests\etc\required_key_less.json", "JSON", 0, 0, 0, 0, -108, 0, 0, 0, 0, 0, 0, -1, -109
"c:\Repository\pcscf_service_tool\tests\test_common.py", "Python", 3, 0, 0, 0, 0, 0, 0, 0, 0, 0, 0, 0, 3
"c:\Repository\pcscf_service_tool\tests\test_eri_connection.py", "Python", 424, 0, 0, 0, 0, 0, 0, 0, 0, 0, 165, 156, 745
"c:\Repository\pcscf_service_tool\tests\test_tool_01_check_args.py", "Python", 109, 0, 0, 0, 0, 0, 0, 0, 0, 0, 36, 41, 186
"c:\Repository\pcscf_service_tool\tests\test_tool_02_load_config.py", "Python", 25, 0, 0, 0, 0, 0, 0, 0, 0, 0, 0, 10, 35
"c:\Repository\pcscf_service_tool\tests\test_tool_03_out_info.py", "Python", 8, 0, 0, 0, 0, 0, 0, 0, 0, 0, 2, 0, 10
"c:\Repository\pcscf_service_tool\tests\test_tool_05_is_stop_ng.py", "Python", 207, 0, 0, 0, 0, 0, 0, 0, 0, 0, 64, 42, 313
"c:\Repository\pcscf_service_tool\tests\test_tool_06_get_status.py", "Python", -62, 0, 0, 0, 0, 0, 0, 0, 0, 0, -17, -17, -96
"c:\Repository\pcscf_service_tool\tests\test_tool_07_down_change_status.py", "Python", 52, 0, 0, 0, 0, 0, 0, 0, 0, 0, 20, 0, 72
"c:\Repository\pcscf_service_tool\tests\test_tool_08_up_change_status.py", "Python", 52, 0, 0, 0, 0, 0, 0, 0, 0, 0, 20, 0, 72
"c:\Repository\pcscf_service_tool\tests\test_tool_09_do_abort.py", "Python", 137, 0, 0, 0, 0, 0, 0, 0, 0, 0, 28, 42, 207
"c:\Repository\pcscf_service_tool\tests\test_tool_09_do_revert.py", "Python", -145, 0, 0, 0, 0, 0, 0, 0, 0, 0, -28, -42, -215
"c:\Repository\pcscf_service_tool\tests\test_tool_10_status_check_before.py", "Python", -1, 0, 0, 0, 0, 0, 0, 0, 0, 0, 0, 0, -1
"c:\Repository\pcscf_service_tool\tests\test_tool_11_status_check_after.py", "Python", -1, 0, 0, 0, 0, 0, 0, 0, 0, 0, 0, 0, -1
"c:\Repository\pcscf_service_tool\tests\test_tool_12_main.py", "Python", 536, 0, 0, 0, 0, 0, 0, 0, 0, 0, 75, 62, 673
"c:\Repository\pcscf_service_tool\tests\test_tool_13_out_list.py", "Python", 62, 0, 0, 0, 0, 0, 0, 0, 0, 0, 17, 24, 103
"Total", "-", 1626, -13, 106, 54, 2015, 18, 5426, 8074, 18239, 1514, 5721, 6776, 49556